brief_id,brief,tagline_1,tagline_2,tagline_3,tagline_4,tagline_5
1,Write a tagline for a new premium electric vehicle that emphasizes sustainability and luxury.,"1. ""Sustainable luxury, redefined in every mile.""","2. ""Eco-chic driving, guilt-free indulgence.""","3. ""Luxury meets eco-conscious innovation on wheels.""","4. ""Elevate your ride with sustainable sophistication.""","5. ""Where opulence meets sustainability on the road."""
2,Create a tagline for a fitness app that focuses on personalized workouts and mental wellbeing.,"1. ""Sweat, smile, succeed with personalized fitness.""","2. ""Train your body, boost your mind.""","3. ""Fit mind, fit body, fit you.""","4. ""Unlock your best self with custom workouts.""","5. ""Strength in body, peace in mind."""
3,Develop a tagline for a plant-based food brand that highlights taste and environmental benefits.,"1. ""Savor the Flavor, Save the Planet!""","2. ""Deliciously Green: Taste Nature's Goodness""","3. ""Eco-Friendly Eats, Bursting with Flavor""","4. ""Taste the Future, Plant-Based Goodness""","5. ""Green & Tasty: Nourish Body & Planet"""
4,Write a tagline for a travel booking platform that specializes in sustainable tourism.,"1. ""Book green, travel clean!""","2. ""Eco-friendly adventures await. Book now!""","3. ""Sustainable travel made easy. Book today!""","4. ""Explore responsibly with our eco-travel platform.""","5. ""Travel with purpose. Book sustainably now!"""
5,Create a tagline for a new streaming service that focuses on independent films and documentaries.,"1. ""Elevate your screen time with indie gems.""","2. ""Discover untold stories, on your terms.""","3. ""Unleash the power of independent cinema.""","4. ""Where authenticity meets cinematic excellence.""","5. ""Dive into a world of indie wonders."""
6,Develop a tagline for a smart home security system that emphasizes ease of use and peace of mind.,"1. ""Secure your home, simply and stress-free.""","2. ""Easy protection, total peace of mind.""","3. ""Safeguard made simple for worry-free living.""","4. ""Smart security, effortless serenity.""","5. ""Peace of mind, at the touch."""
7,Write a tagline for a premium coffee subscription service that delivers globally sourced beans.,"1. ""Sip the world's best, brewed at home.""","2. ""Global flavors delivered to your doorstep.""","3. ""Your passport to exceptional morning brews.""","4. ""Wake up to a world of coffee.""","5. ""Explore the globe, one cup at a time."""
8,"Create a tagline for a skincare brand that uses only natural, ethically sourced ingredients.","1. ""Pure. Natural. Radiant. You.""","2. ""Skin-loving. Earth-friendly. Simply effective.""","3. ""Eco-conscious beauty at its best.""","4. ""Nature's touch for flawless skin.""","5. ""Cleanse. Nourish. Glow. Naturally yours."""
9,Develop a tagline for a financial app that helps young people save and invest money.,"1. ""Grow your wealth, start today!""","2. ""Invest in your future, effortlessly.""","3. ""Saving made cool, investment made easy.""","4. ""Empower your finances, watch them flourish.""","5. ""Save smart, invest smarter. Win big."""
10,Write a tagline for a new co-working space designed for creative professionals.,"1. ""Fuel Your Creativity in Style.""","2. ""Where Ideas Come to Play.""","3. ""Collaborate, Create, Conquer.""","4. ""Elevate Your Workspace Experience.""","5. ""Inspiration Awaits at Our Space."""
11,Create a tagline for an online education platform specializing in creative skills.,"1. ""Unleash Your Creativity, Learn Online Today!""","2. ""Master Creative Skills from Anywhere, Anytime.""","3. ""Ignite Your Passion for Creativity Online.""","4. ""Craft Your Future with Creative Online Learning.""","5. ""Empower Your Imagination with Online Courses."""
12,Develop a tagline for an energy drink targeting professionals who need sustained focus.,"1. ""Elevate Your Focus, Power Through the Day""","2. ""Unleash Your Productivity with Every Sip""","3. ""Fuel Your Mind, Ignite Your Potential""","4. ""Sharp Focus, Endless Energy, Maximum Results""","5. ""Sustained Energy for Unstoppable Professionals"""
